DateNote,IDEtudiant,Etudiant,Classe,Matiere,Note
2026-09-14,E-101,Amine Traoré,6eA,Mathématiques,14.5
2026-09-14,E-102,Léa Bernard,6eA,Mathématiques,17
2026-09-14,E-103,Sofia Martel,6eA,Mathématiques,11.5
2026-09-16,E-104,Jonas Petit,6eA,Français,13
2026-09-16,E-101,Amine Traoré,6eA,Français,15.5
2026-09-16,E-105,Nour Benali,6eA,Français,18
2026-09-18,E-106,Marc Lemoine,5eB,Mathématiques,9
2026-09-18,E-107,Inès Caron,5eB,Mathématiques,16
2026-09-18,E-108,Louis Girard,5eB,Mathématiques,12
2026-09-21,E-106,Marc Lemoine,5eB,Histoire,10.5
2026-09-21,E-107,Inès Caron,5eB,Histoire,15
2026-09-21,E-109,Zoé Marchand,5eB,Histoire,19
2026-09-23,E-110,Hugo Roussel,5eB,Sciences,8.5
2026-09-23,E-109,Zoé Marchand,5eB,Sciences,16.5
2026-09-23,E-102,Léa Bernard,6eA,Sciences,14
2026-09-25,E-103,Sofia Martel,6eA,Histoire,12.5
2026-09-25,E-105,Nour Benali,6eA,Histoire,17.5
2026-09-25,E-104,Jonas Petit,6eA,Sciences,11
2026-10-02,E-101,Amine Traoré,6eA,Mathématiques,16
2026-10-02,E-102,Léa Bernard,6eA,Mathématiques,18.5
2026-10-02,E-107,Inès Caron,5eB,Mathématiques,14.5
2026-10-05,E-108,Louis Girard,5eB,Français,9.5
2026-10-05,E-106,Marc Lemoine,5eB,Français,12
2026-10-05,E-110,Hugo Roussel,5eB,Français,13.5
2026-10-07,E-104,Jonas Petit,6eA,Mathématiques,10
2026-10-07,E-103,Sofia Martel,6eA,Mathématiques,13
2026-10-07,E-109,Zoé Marchand,5eB,Sciences,17
2026-10-09,E-105,Nour Benali,6eA,Sciences,19.5
2026-10-09,E-110,Hugo Roussel,5eB,Histoire,11.5
2026-10-09,E-108,Louis Girard,5eB,Mathématiques,7.5
